Nama,Tanggal,Jam_Datang
Indra,2025-01-02,07:45
Alex,2025-01-02,08:32
Aldi,2025-01-02,08:01
Javier,2025-01-02,07:50
Indra,2025-01-03,07:46
Alex,2025-01-03,08:29
Aldi,2025-01-03,07:58
Javier,2025-01-03,07:52
Indra,2025-01-06,07:44
Alex,2025-01-06,08:30
Aldi,2025-01-06,08:05
Javier,2025-01-06,07:48
Indra,2025-01-07,07:45
Alex,2025-01-07,08:35
Aldi,2025-01-07,07:59
Javier,2025-01-07,07:55
Indra,2025-01-08,07:43
Alex,2025-01-08,08:28
Aldi,2025-01-08,08:02
Javier,2025-01-08,07:49
Indra,2025-01-09,07:47
Alex,2025-01-09,08:31
Aldi,2025-01-09,08:00
Javier,2025-01-09,07:51
Indra,2025-01-10,07:45
Alex,2025-01-10,08:33
Aldi,2025-01-10,07:55
Javier,2025-01-10,07:53
Indra,2025-01-13,07:46
Alex,2025-01-13,08:30
Aldi,2025-01-13,08:03
Javier,2025-01-13,07:48
Indra,2025-01-14,07:44
Alex,2025-01-14,08:29
Aldi,2025-01-14,07:58
Javier,2025-01-14,07:50
Indra,2025-01-15,07:45
Alex,2025-01-15,08:34
Aldi,2025-01-15,08:01
Javier,2025-01-15,07:52
Indra,2025-01-16,07:42
Alex,2025-01-16,08:31
Aldi,2025-01-16,07:59
Javier,2025-01-16,07:49
Indra,2025-01-17,07:48
Alex,2025-01-17,08:30
Aldi,2025-01-17,08:02
Javier,2025-01-17,07:55
Indra,2025-01-20,07:45
Alex,2025-01-20,08:32
Aldi,2025-01-20,08:00
Javier,2025-01-20,07:51
Indra,2025-01-21,07:46
Alex,2025-01-21,08:28
Aldi,2025-01-21,07:57
Javier,2025-01-21,07:48
Indra,2025-01-22,07:44
Alex,2025-01-22,08:35
Aldi,2025-01-22,08:04
Javier,2025-01-22,07:50
Indra,2025-01-23,07:45
Alex,2025-01-23,08:30
Aldi,2025-01-23,07:59
Javier,2025-01-23,07:53
Indra,2025-01-24,07:47
Alex,2025-01-24,08:33
Aldi,2025-01-24,08:01
Javier,2025-01-24,07:49
Indra,2025-01-27,07:43
Alex,2025-01-27,08:31
Aldi,2025-01-27,07:58
Javier,2025-01-27,07:54
Indra,2025-01-28,07:45
Alex,2025-01-28,08:29
Aldi,2025-01-28,08:02
Javier,2025-01-28,07:50
Indra,2025-01-29,07:46
Alex,2025-01-29,08:34
Aldi,2025-01-29,08:00
Javier,2025-01-29,07:52
Indra,2025-01-30,07:44
Alex,2025-01-30,08:30
Aldi,2025-01-30,07:56
Javier,2025-01-30,07:48
Indra,2025-01-31,07:45
Alex,2025-01-31,08:32
Aldi,2025-01-31,08:05
Javier,2025-01-31,07:51
Indra,2025-02-03,07:48
Alex,2025-02-03,08:28
Aldi,2025-02-03,07:59
Javier,2025-02-03,07:55
Indra,2025-02-04,07:45
Alex,2025-02-04,08:35
Aldi,2025-02-04,08:01
Javier,2025-02-04,07:49
Indra,2025-02-05,07:43
Alex,2025-02-05,08:30
Aldi,2025-02-05,07:58
Javier,2025-02-05,07:50
Indra,2025-02-06,07:46
Alex,2025-02-06,08:31
Aldi,2025-02-06,08:03
Javier,2025-02-06,07:52
Indra,2025-02-07,07:44
Alex,2025-02-07,08:33
Aldi,2025-02-07,08:00
Javier,2025-02-07,07:48
Indra,2025-02-10,07:45
Alex,2025-02-10,08:29
Aldi,2025-02-10,07:55
Javier,2025-02-10,07:53
Indra,2025-02-11,07:47
Alex,2025-02-11,08:34
Aldi,2025-02-11,08:04
Javier,2025-02-11,07:51
Indra,2025-02-12,07:45
Alex,2025-02-12,08:30
Aldi,2025-02-12,07:59
Javier,2025-02-12,07:50
Indra,2025-02-13,07:42
Alex,2025-02-13,08:32
Aldi,2025-02-13,08:01
Javier,2025-02-13,07:54
Indra,2025-02-14,07:46
Alex,2025-02-14,08:28
Aldi,2025-02-14,07:58
Javier,2025-02-14,07:49
Indra,2025-02-17,07:44
Alex,2025-02-17,08:35
Aldi,2025-02-17,08:02
Javier,2025-02-17,07:52
Indra,2025-02-18,07:45
Alex,2025-02-18,08:30
Aldi,2025-02-18,08:00
Javier,2025-02-18,07:50
Indra,2025-02-19,07:48
Alex,2025-02-19,08:31
Aldi,2025-02-19,07:56
Javier,2025-02-19,07:55
Indra,2025-02-20,07:43
Alex,2025-02-20,08:33
Aldi,2025-02-20,08:05
Javier,2025-02-20,07:48
Indra,2025-02-21,07:46
Alex,2025-02-21,08:29
Aldi,2025-02-21,07:59
Javier,2025-02-21,07:51
Indra,2025-02-24,07:45
Alex,2025-02-24,08:34
Aldi,2025-02-24,08:03
Javier,2025-02-24,07:53
Indra,2025-02-25,07:44
Alex,2025-02-25,08:30
Aldi,2025-02-25,08:01
Javier,2025-02-25,07:49
Indra,2025-02-26,07:47
Alex,2025-02-26,08:32
Aldi,2025-02-26,07:58
Javier,2025-02-26,07:52
Indra,2025-02-27,07:45
Alex,2025-02-27,08:28
Aldi,2025-02-27,08:00
Javier,2025-02-27,07:50
Indra,2025-02-28,07:42
Alex,2025-02-28,08:35
Aldi,2025-02-28,08:02
Javier,2025-02-28,07:54
Indra,2025-03-03,07:46
Alex,2025-03-03,08:31
Aldi,2025-03-03,07:20
Javier,2025-03-03,07:55
Indra,2025-03-04,07:45
Alex,2025-03-04,08:30
Aldi,2025-03-04,08:45
Javier,2025-03-04,07:48
Indra,2025-03-05,07:44
Alex,2025-03-05,08:33
Aldi,2025-03-05,06:45
Javier,2025-03-05,09:30
Indra,2025-03-06,07:48
Alex,2025-03-06,08:29
Aldi,2025-03-06,09:10
Javier,2025-03-06,07:50
Indra,2025-03-07,07:45
Alex,2025-03-07,08:34
Aldi,2025-03-07,07:55
Javier,2025-03-07,07:52
Indra,2025-03-10,07:43
Alex,2025-03-10,08:30
Aldi,2025-03-10,08:55
Javier,2025-03-10,07:49
Indra,2025-03-11,07:46
Alex,2025-03-11,08:31
Aldi,2025-03-11,06:50
Javier,2025-03-11,07:54
Indra,2025-03-12,07:45
Alex,2025-03-12,08:32
Aldi,2025-03-12,08:15
Javier,2025-03-12,07:51
Indra,2025-03-13,07:44
Alex,2025-03-13,08:28
Aldi,2025-03-13,07:10
Javier,2025-03-13,07:53
Indra,2025-03-14,07:47
Alex,2025-03-14,08:35
Aldi,2025-03-14,09:05
Javier,2025-03-14,07:48
Indra,2025-03-17,07:45
Alex,2025-03-17,08:30
Aldi,2025-03-17,08:30
Javier,2025-03-17,07:50
Indra,2025-03-18,07:42
Alex,2025-03-18,08:33
Aldi,2025-03-18,06:55
Javier,2025-03-18,06:45
Indra,2025-03-19,07:46
Alex,2025-03-19,08:29
Aldi,2025-03-19,07:40
Javier,2025-03-19,07:52
Indra,2025-03-20,07:45
Alex,2025-03-20,08:31
Aldi,2025-03-20,09:20
Javier,2025-03-20,07:49
Indra,2025-03-21,07:44
Alex,2025-03-21,08:34
Aldi,2025-03-21,08:10
Javier,2025-03-21,07:55
Indra,2025-03-24,07:48
Alex,2025-03-24,08:30
Aldi,2025-03-24,06:40
Javier,2025-03-24,07:51
Indra,2025-03-25,07:45
Alex,2025-03-25,08:32
Aldi,2025-03-25,09:15
Javier,2025-03-25,07:48
Indra,2025-03-26,07:43
Alex,2025-03-26,08:28
Aldi,2025-03-26,07:30
Javier,2025-03-26,07:53
Indra,2025-03-27,07:46
Alex,2025-03-27,08:35
Aldi,2025-03-27,08:50
Javier,2025-03-27,07:50
Indra,2025-03-28,07:44
Alex,2025-03-28,08:30
Aldi,2025-03-28,07:05
Javier,2025-03-28,07:54
Indra,2025-03-31,07:45
Alex,2025-03-31,08:31
Aldi,2025-03-31,09:00
Javier,2025-03-31,07:52